{"loss/critic_loss": 99.97832832336425, "loss/actor_loss": 63.36404190063475, "loss/decoder_loss": 7.2899424235026045, "train/episodic_reward": 122.20216827392579, "train/success": 0.002993333339691163, "sample_time": 2.4257033983866374, "_timestamp": 1718565150.5128715, "_runtime": 232.76054549217224, "_step": 64, "eval/episode_reward": 370.20259073119496, "eval/episode_reward_std": 0.0, "eval/ep_success_mean": 0.0, "eval/ep_success_std": 0.0, "eval/episode_length": 500.0, "eval/episode_length_std": 0.0, "update/env_step": 49.0}