{"loss/critic_loss": 105.11846923828125, "loss/actor_loss": 65.5328630719866, "loss/decoder_loss": 7.329409224646432, "train/episodic_reward": 122.91277476719449, "train/success": 0.0032071428639548175, "sample_time": 2.419265764100211, "_timestamp": 1718565146.833968, "_runtime": 229.08164191246033, "_step": 63, "eval/episode_reward": 370.20259073119496, "eval/episode_reward_std": 0.0, "eval/ep_success_mean": 0.0, "eval/ep_success_std": 0.0, "eval/episode_length": 500.0, "eval/episode_length_std": 0.0, "update/env_step": 49.0}